[{"date": "2023-03-01T17:03:55", "utm_source": "google", "utm_medium": "cpc", "utm_campaign": "kids_coding_fiesta", "cost": 230}, {"date": "2023-03-02T19:53:53", "utm_source": "google", "utm_medium": "cpc", "utm_campaign": "kids_coding_fiesta", "cost": 127}, {"date": "2023-03-03T15:47:53", "utm_source": "google", "utm_medium": "cpc", "utm_campaign": "kids_coding_fiesta", "cost": 175}, {"date": "2023-03-04T12:06:15", "utm_source": "google", "utm_medium": "cpc", "utm_campaign": "kids_coding_fiesta", "cost": 282}, {"date": "2023-03-05T03:18:05", "utm_source": "google", "utm_medium": "cpc", "utm_campaign": "kids_coding_fiesta", "cost": 281}, {"date": "2023-03-06T23:10:02", "utm_source": "google", "utm_medium": "cpc", "utm_campaign": "kids_coding_fiesta", "cost": 151}, {"date": "2023-03-07T22:09:42", "utm_source": "google", "utm_medium": "cpc", "utm_campaign": "kids_coding_fiesta", "cost": 172}, {"date": "2023-03-08T21:06:01", "utm_source": "google", "utm_medium": "cpc", "utm_campaign": "kids_coding_fiesta", "cost": 212}, {"date": "2023-03-09T14:14:08", "utm_source": "google", "utm_medium": "cpc", "utm_campaign": "kids_coding_fiesta", "cost": 147}, {"date": "2023-03-10T02:55:42", "utm_source": "google", "utm_medium": "cpc", "utm_campaign": "kids_coding_fiesta", "cost": 286}, {"date": "2023-03-11T16:14:23", "utm_source": "google", "utm_medium": "cpc", "utm_campaign": "kids_coding_fiesta", "cost": 297}, {"date": "2023-03-12T12:08:33", "utm_source": "google", "utm_medium": "cpc", "utm_campaign": "kids_coding_fiesta", "cost": 185}, {"date": "2023-03-13T07:23:00", "utm_source": "google", "utm_medium": "cpc", "utm_campaign": "kids_coding_fiesta", "cost": 202}, {"date": "2023-03-14T05:06:49", "utm_source": "google", "utm_medium": "cpc", "utm_campaign": "kids_coding_fiesta", "cost": 141}, {"date": "2023-03-15T22:23:32", "utm_source": "google", "utm_medium": "cpc", "utm_campaign": "kids_coding_fiesta", "cost": 296}, {"date": "2023-03-25T13:11:35", "utm_source": "google", "utm_medium": "cpc", "utm_campaign": "advanced_algorithms_series", "cost": 262}, {"date": "2023-03-26T02:47:51", "utm_source": "google", "utm_medium": "cpc", "utm_campaign": "advanced_algorithms_series", "cost": 254}, {"date": "2023-03-27T04:40:29", "utm_source": "google", "utm_medium": "cpc", "utm_campaign": "advanced_algorithms_series", "cost": 180}, {"date": "2023-03-28T06:18:39", "utm_source": "google", "utm_medium": "cpc", "utm_campaign": "advanced_algorithms_series", "cost": 223}, {"date": "2023-03-29T06:11:53", "utm_source": "google", "utm_medium": "cpc", "utm_campaign": "advanced_algorithms_series", "cost": 190}, {"date": "2023-03-30T20:27:08", "utm_source": "google", "utm_medium": "cpc", "utm_campaign": "advanced_algorithms_series", "cost": 220}, {"date": "2023-03-31T08:14:20", "utm_source": "google", "utm_medium": "cpc", "utm_campaign": "advanced_algorithms_series", "cost": 186}, {"date": "2023-04-01T02:48:03", "utm_source": "google", "utm_medium": "cpc", "utm_campaign": "advanced_algorithms_series", "cost": 153}, {"date": "2023-04-02T21:13:51", "utm_source": "google", "utm_medium": "cpc", "utm_campaign": "advanced_algorithms_series", "cost": 185}, {"date": "2023-04-03T10:39:49", "utm_source": "google", "utm_medium": "cpc", "utm_campaign": "advanced_algorithms_series", "cost": 203}, {"date": "2023-04-04T21:25:26", "utm_source": "google", "utm_medium": "cpc", "utm_campaign": "advanced_algorithms_series", "cost": 207}, {"date": "2023-04-05T14:20:23", "utm_source": "google", "utm_medium": "cpc", "utm_campaign": "advanced_algorithms_series", "cost": 115}, {"date": "2023-04-06T01:45:36", "utm_source": "google", "utm_medium": "cpc", "utm_campaign": "advanced_algorithms_series", "cost": 100}, {"date": "2023-04-07T14:20:15", "utm_source": "google", "utm_medium": "cpc", "utm_campaign": "advanced_algorithms_series", "cost": 225}, {"date": "2023-04-08T15:49:36", "utm_source": "google", "utm_medium": "cpc", "utm_campaign": "advanced_algorithms_series", "cost": 281}]