{
  "3,1": { "web": 10, "android": 57, "ios": 13 },
  "3,2": { "web": 28, "android": 64, "ios": 12 },
  "3,3": { "web": 65, "android": 77, "ios": 23 },
  "3,4": { "web": 18, "android": 63, "ios": 39 },
  "3,5": { "web": 48, "android": 34, "ios": 21 },
  "3,6": { "web": 44, "android": 96, "ios": 20 },
  "3,7": { "web": 47, "android": 125, "ios": 22 },
  "3,8": { "web": 66, "android": 108, "ios": 19 },
  "3,9": { "web": 20, "android": 29, "ios": 14 },
  "3,10": { "web": 63, "android": 119, "ios": 41 },
  "3,11": { "web": 42, "android": 87, "ios": 30 },
  "3,12": { "web": 39, "android": 83, "ios": 54 },
  "3,13": { "web": 31, "android": 35, "ios": 18 },
  "3,14": { "web": 95, "android": 36, "ios": 10 },
  "3,15": { "web": 56, "android": 65, "ios": 22 },
  "3,16": { "web": 56, "android": 25, "ios": 25 },
  "3,17": { "web": 21, "android": 19, "ios": 39 },
  "3,18": { "web": 34, "android": 25, "ios": 20 },
  "3,19": { "web": 31, "android": 36, "ios": 20 },
  "3,20": { "web": 41, "android": 66, "ios": 19 },
  "3,21": { "web": 15, "android": 66, "ios": 12 },
  "3,22": { "web": 34, "android": 51, "ios": 32 },
  "3,23": { "web": 18, "android": 36, "ios": 26 },
  "3,24": { "web": 30, "android": 33, "ios": 17 },
  "3,25": { "web": 11, "android": 48, "ios": 31 },
  "3,26": { "web": 41, "android": 75, "ios": 23 },
  "3,27": { "web": 37, "android": 47, "ios": 23 },
  "3,28": { "web": 48, "android": 49, "ios": 43 },
  "3,29": { "web": 38, "android": 27, "ios": 18 },
  "3,30": { "web": 57, "android": 74, "ios": 25 },
  "3,31": { "web": 25, "android": 98, "ios": 34 },
  "4,1": { "web": 46, "android": 49, "ios": 31 }
}
