{
  "3,1": { "web": 288, "android": 70, "ios": 16, "bot": 0 },
  "3,2": { "web": 388, "android": 74, "ios": 15, "bot": 0 },
  "3,3": { "web": 657, "android": 93, "ios": 28, "bot": 0 },
  "3,4": { "web": 800, "android": 95, "ios": 66, "bot": 0 },
  "3,5": { "web": 1360, "android": 53, "ios": 30, "bot": 0 },
  "3,6": { "web": 476, "android": 137, "ios": 28, "bot": 0 },
  "3,7": { "web": 712, "android": 160, "ios": 34, "bot": 0 },
  "3,8": { "web": 918, "android": 140, "ios": 29, "bot": 0 },
  "3,9": { "web": 705, "android": 43, "ios": 21, "bot": 0 },
  "3,10": { "web": 792, "android": 169, "ios": 51, "bot": 0 },
  "3,11": { "web": 761, "android": 105, "ios": 38, "bot": 0 },
  "3,12": { "web": 707, "android": 117, "ios": 91, "bot": 0 },
  "3,13": { "web": 651, "android": 47, "ios": 29, "bot": 0 },
  "3,14": { "web": 1246, "android": 50, "ios": 16, "bot": 0 },
  "3,15": { "web": 790, "android": 101, "ios": 29, "bot": 0 },
  "3,16": { "web": 688, "android": 31, "ios": 31, "bot": 0 },
  "3,17": { "web": 511, "android": 24, "ios": 47, "bot": 0 },
  "3,18": { "web": 588, "android": 29, "ios": 25, "bot": 0 },
  "3,19": { "web": 372, "android": 43, "ios": 24, "bot": 0 },
  "3,20": { "web": 582, "android": 76, "ios": 23, "bot": 0 },
  "3,21": { "web": 405, "android": 83, "ios": 15, "bot": 221 },
  "3,22": { "web": 677, "android": 61, "ios": 37, "bot": 155 },
  "3,23": { "web": 405, "android": 41, "ios": 31, "bot": 229 },
  "3,24": { "web": 682, "android": 41, "ios": 20, "bot": 117 },
  "3,25": { "web": 271, "android": 59, "ios": 37, "bot": 179 },
  "3,26": { "web": 514, "android": 90, "ios": 26, "bot": 216 },
  "3,27": { "web": 487, "android": 57, "ios": 27, "bot": 219 },
  "3,28": { "web": 673, "android": 102, "ios": 75, "bot": 0 },
  "3,29": { "web": 763, "android": 48, "ios": 34, "bot": 0 },
  "3,30": { "web": 1030, "android": 127, "ios": 51, "bot": 0 },
  "3,31": { "web": 1092, "android": 162, "ios": 53, "bot": 0 },
  "4,1": { "web": 1216, "android": 74, "ios": 63, "bot": 0 }
}
