{"3,1": {"web": 10, "android": 57, "ios": 13}, "3,2": {"web": 28, "android": 64, "ios": 12}, "3,3": {"web": 65, "android": 77, "ios": 23}, "3,4": {"web": 12, "android": 38, "ios": 25}, "3,5": {"web": 29, "android": 22, "ios": 13}, "3,6": {"web": 26, "android": 56, "ios": 12}, "3,7": {"web": 31, "android": 71, "ios": 15}, "3,8": {"web": 40, "android": 62, "ios": 12}, "3,9": {"web": 12, "android": 17, "ios": 9}, "3,10": {"web": 38, "android": 77, "ios": 23}, "3,11": {"web": 28, "android": 51, "ios": 18}, "3,12": {"web": 25, "android": 56, "ios": 37}, "3,13": {"web": 20, "android": 22, "ios": 12}, "3,14": {"web": 55, "android": 21, "ios": 7}, "3,15": {"web": 37, "android": 39, "ios": 13}, "3,16": {"web": 56, "android": 25, "ios": 25}, "3,17": {"web": 21, "android": 19, "ios": 39}, "3,18": {"web": 34, "android": 25, "ios": 20}, "3,19": {"web": 31, "android": 36, "ios": 20}, "3,20": {"web": 41, "android": 66, "ios": 19}, "3,21": {"web": 15, "android": 66, "ios": 12}, "3,22": {"web": 34, "android": 51, "ios": 32}, "3,23": {"web": 18, "android": 36, "ios": 26}, "3,24": {"web": 30, "android": 33, "ios": 17}, "3,25": {"web": 11, "android": 48, "ios": 31}, "3,26": {"web": 41, "android": 75, "ios": 23}, "3,27": {"web": 37, "android": 47, "ios": 23}, "3,28": {"web": 35, "android": 42, "ios": 31}, "3,29": {"web": 33, "android": 20, "ios": 15}, "3,30": {"web": 41, "android": 57, "ios": 21}, "3,31": {"web": 21, "android": 70, "ios": 25}, "4,1": {"web": 33, "android": 36, "ios": 27}}