{"3,1": {"web": 288, "android": 70, "ios": 16, "bot": 0}, "3,2": {"web": 388, "android": 74, "ios": 15, "bot": 0}, "3,3": {"web": 657, "android": 93, "ios": 28, "bot": 0}, "3,4": {"web": 392, "android": 47, "ios": 31, "bot": 0}, "3,5": {"web": 674, "android": 26, "ios": 16, "bot": 0}, "3,6": {"web": 270, "android": 67, "ios": 15, "bot": 0}, "3,7": {"web": 380, "android": 83, "ios": 18, "bot": 0}, "3,8": {"web": 475, "android": 76, "ios": 15, "bot": 0}, "3,9": {"web": 339, "android": 22, "ios": 11, "bot": 0}, "3,10": {"web": 451, "android": 88, "ios": 28, "bot": 0}, "3,11": {"web": 398, "android": 60, "ios": 21, "bot": 0}, "3,12": {"web": 387, "android": 65, "ios": 45, "bot": 0}, "3,13": {"web": 305, "android": 27, "ios": 15, "bot": 0}, "3,14": {"web": 586, "android": 24, "ios": 8, "bot": 0}, "3,15": {"web": 450, "android": 48, "ios": 16, "bot": 0}, "3,16": {"web": 688, "android": 31, "ios": 31, "bot": 0}, "3,17": {"web": 511, "android": 24, "ios": 47, "bot": 0}, "3,18": {"web": 588, "android": 29, "ios": 25, "bot": 0}, "3,19": {"web": 372, "android": 43, "ios": 24, "bot": 0}, "3,20": {"web": 582, "android": 76, "ios": 23, "bot": 0}, "3,21": {"web": 405, "android": 83, "ios": 15, "bot": 221}, "3,22": {"web": 677, "android": 61, "ios": 37, "bot": 155}, "3,23": {"web": 405, "android": 41, "ios": 31, "bot": 229}, "3,24": {"web": 682, "android": 41, "ios": 20, "bot": 117}, "3,25": {"web": 271, "android": 59, "ios": 37, "bot": 179}, "3,26": {"web": 514, "android": 90, "ios": 26, "bot": 216}, "3,27": {"web": 487, "android": 57, "ios": 27, "bot": 219}, "3,28": {"web": 362, "android": 51, "ios": 35, "bot": 0}, "3,29": {"web": 358, "android": 24, "ios": 18, "bot": 0}, "3,30": {"web": 527, "android": 72, "ios": 25, "bot": 0}, "3,31": {"web": 563, "android": 88, "ios": 28, "bot": 0}, "4,1": {"web": 566, "android": 41, "ios": 32, "bot": 0}}