order_id,customer_id,region,product,sales_amount,transaction_date,quantity
1,3315,Екатеринбург,Товар 32,77624,2024-10-11,4
2,3342,Новосибирск,Товар 18,59366,2024-10-03,2
3,1320,Москва,Товар 24,31078,2024-09-22,5
4,9564,Екатеринбург,Товар 2,93335,2024-11-14,1
5,4720,Екатеринбург,Товар 20,24137,2024-10-30,2
6,9622,Новосибирск,Товар 18,14046,2024-09-22,4
7,1469,Казань,Товар 27,16762,2024-11-09,5
8,1732,Новосибирск,Товар 4,74438,2024-08-21,1
9,4682,Москва,Товар 29,25394,2024-11-05,5
10,6457,Новосибирск,Товар 15,22822,2024-11-07,2
11,1320,Москва,Товар 2,33658,2024-09-04,1
12,6734,Новосибирск,Товар 39,39717,2024-10-07,2
13,9535,Екатеринбург,Товар 16,68343,2024-09-08,3
14,9150,Казань,Товар 39,95060,2024-11-14,3
15,9391,Санкт-Петербург,Товар 31,88049,2024-09-08,1
16,1381,Казань,Товар 10,63063,2024-11-04,1
17,4959,Екатеринбург,Товар 3,36895,2024-10-19,2
18,3862,Новосибирск,Товар 46,35517,2024-10-22,4
19,3845,Москва,Товар 12,38749,2024-10-12,4
20,5424,Казань,Товар 44,73546,2024-09-01,3
21,4465,Санкт-Петербург,Товар 31,24057,2024-08-30,2
22,5587,Санкт-Петербург,Товар 12,42967,2024-09-18,1
23,4712,Санкт-Петербург,Товар 34,39700,2024-09-04,5
24,4605,Санкт-Петербург,Товар 19,87251,2024-09-14,3
25,6652,Москва,Товар 18,62546,2024-11-12,1
26,9332,Екатеринбург,Товар 36,36325,2024-09-20,2
27,9947,Новосибирск,Товар 28,67521,2024-08-25,1
28,2522,Санкт-Петербург,Товар 20,50397,2024-09-18,3
29,1362,Москва,Товар 3,96758,2024-10-24,2
30,7201,Новосибирск,Товар 21,93440,2024-09-17,1
31,2857,Москва,Товар 23,24622,2024-08-30,2
32,6047,Санкт-Петербург,Товар 34,42564,2024-09-16,1
33,8758,Новосибирск,Товар 4,95379,2024-09-26,2
34,7024,Казань,Товар 33,22435,2024-09-18,3
35,9905,Новосибирск,Товар 21,40515,2024-09-10,1
36,6157,Казань,Товар 47,37012,2024-08-22,4
37,1145,Санкт-Петербург,Товар 12,80722,2024-10-21,1
38,8112,Москва,Товар 27,53136,2024-09-04,2
39,9451,Санкт-Петербург,Товар 35,45675,2024-11-04,3
40,2243,Санкт-Петербург,Товар 25,29266,2024-11-11,1
41,4587,Новосибирск,Товар 17,28422,2024-10-22,4
42,3225,Новосибирск,Товар 3,18044,2024-09-05,1
43,4835,Казань,Товар 48,13447,2024-11-01,5
44,3824,Москва,Товар 31,91210,2024-11-03,5
45,7106,Санкт-Петербург,Товар 12,64602,2024-11-15,5
46,4109,Новосибирск,Товар 46,44891,2024-11-17,5
47,1451,Новосибирск,Товар 34,52464,2024-09-11,5
48,4153,Новосибирск,Товар 12,63229,2024-10-14,1
49,9839,Екатеринбург,Товар 2,6420,2024-09-16,2
50,1639,Санкт-Петербург,Товар 37,25447,2024-10-17,1
51,2378,Санкт-Петербург,Товар 3,51399,2024-09-24,5
52,9792,Екатеринбург,Товар 12,60542,2024-08-22,3
53,5549,Москва,Товар 46,84200,2024-11-01,1
54,3115,Екатеринбург,Товар 6,41971,2024-09-25,4
55,3024,Новосибирск,Товар 24,85271,2024-09-22,2
56,4870,Казань,Товар 6,34330,2024-10-26,5
57,8204,Москва,Товар 37,38758,2024-09-12,1
58,7955,Москва,Товар 50,43048,2024-10-05,5
59,9327,Санкт-Петербург,Товар 24,93607,2024-10-30,5
60,8512,Санкт-Петербург,Товар 19,88713,2024-09-14,4
61,1075,Казань,Товар 14,64949,2024-10-22,2
62,2253,Москва,Товар 27,79726,2024-10-25,3
63,7152,Казань,Товар 48,72690,2024-09-30,4
64,6906,Екатеринбург,Товар 46,19161,2024-09-07,5
65,9544,Новосибирск,Товар 7,90868,2024-08-28,4
66,7964,Екатеринбург,Товар 13,12478,2024-10-07,4
67,3172,Казань,Товар 30,21613,2024-08-23,5
68,2314,Санкт-Петербург,Товар 43,8869,2024-10-05,5
69,5835,Новосибирск,Товар 5,17561,2024-10-21,4
70,7565,Екатеринбург,Товар 1,79639,2024-11-16,3
71,7441,Екатеринбург,Товар 13,68303,2024-11-10,2
72,1808,Новосибирск,Товар 28,81109,2024-09-01,4
73,8859,Новосибирск,Товар 20,12787,2024-09-14,4
74,6077,Казань,Товар 44,33406,2024-09-19,3
75,6677,Екатеринбург,Товар 12,10846,2024-08-28,4
76,8711,Москва,Товар 20,35776,2024-10-20,3
77,2427,Москва,Товар 26,99768,2024-08-26,1
78,7031,Казань,Товар 20,48373,2024-08-30,2
79,4396,Новосибирск,Товар 48,88063,2024-09-26,1
80,4351,Москва,Товар 10,26398,2024-09-17,5
81,1071,Санкт-Петербург,Товар 41,15152,2024-10-11,5
82,3857,Новосибирск,Товар 9,85424,2024-09-10,4
83,4662,Новосибирск,Товар 41,50777,2024-09-19,1
84,6891,Казань,Товар 47,16412,2024-09-14,2
85,3735,Новосибирск,Товар 42,89793,2024-10-01,1
86,3346,Екатеринбург,Товар 2,53725,2024-09-09,1
87,9410,Казань,Товар 5,9322,2024-08-24,5
88,8454,Екатеринбург,Товар 31,26740,2024-11-11,3
89,8664,Казань,Товар 31,77909,2024-09-14,1
90,9715,Екатеринбург,Товар 17,59872,2024-09-19,5
91,3454,Новосибирск,Товар 39,7590,2024-10-22,1
92,6577,Екатеринбург,Товар 36,18673,2024-08-21,4
93,7759,Санкт-Петербург,Товар 9,27126,2024-10-24,1
94,5038,Казань,Товар 3,38130,2024-08-22,5
95,3628,Новосибирск,Товар 28,19319,2024-09-03,2
96,4992,Казань,Товар 10,26058,2024-09-16,3
97,2840,Санкт-Петербург,Товар 24,31085,2024-09-18,3
98,9575,Казань,Товар 12,65841,2024-10-07,2
99,4909,Казань,Товар 49,57699,2024-10-27,2
100,6877,Москва,Товар 8,56718,2024-11-16,5
101,7687,Москва,Товар 26,83996,2024-09-29,3
102,7548,Москва,Товар 12,62132,2024-09-12,3
103,7711,Новосибирск,Товар 12,47719,2024-10-03,3
104,6034,Казань,Товар 36,56257,2024-10-04,1
105,3961,Казань,Товар 45,46317,2024-10-10,3
106,5922,Новосибирск,Товар 2,25386,2024-09-27,4
107,7598,Новосибирск,Товар 20,30804,2024-10-19,4
108,3526,Екатеринбург,Товар 48,25009,2024-11-14,4
109,6220,Казань,Товар 34,18688,2024-09-30,5
110,7083,Екатеринбург,Товар 33,28331,2024-10-31,1
111,8399,Казань,Товар 23,40779,2024-10-28,3
112,3322,Екатеринбург,Товар 35,66300,2024-10-06,2
113,5718,Казань,Товар 36,18010,2024-10-25,5
114,7415,Екатеринбург,Товар 17,69754,2024-08-23,5
115,7586,Новосибирск,Товар 30,35463,2024-09-27,2
116,8649,Екатеринбург,Товар 34,91261,2024-09-25,4
117,2600,Екатеринбург,Товар 47,16579,2024-09-11,3
118,5549,Москва,Товар 34,27465,2024-10-01,5
119,9301,Москва,Товар 3,81751,2024-11-12,1
120,9859,Екатеринбург,Товар 6,93409,2024-11-13,2
121,3910,Москва,Товар 22,14035,2024-11-08,2
122,7618,Москва,Товар 21,18475,2024-09-17,3
123,2063,Новосибирск,Товар 3,50469,2024-09-25,2
124,7618,Новосибирск,Товар 16,40419,2024-09-22,4
125,6970,Москва,Товар 6,68644,2024-08-28,5
126,4623,Москва,Товар 45,93439,2024-11-04,5
127,7637,Москва,Товар 36,43590,2024-09-11,5
128,5099,Москва,Товар 40,55452,2024-10-05,3
129,7073,Казань,Товар 26,58726,2024-10-16,2
130,8908,Москва,Товар 16,24738,2024-09-11,2
131,6182,Новосибирск,Товар 43,32884,2024-09-09,3
132,9329,Екатеринбург,Товар 15,73102,2024-11-08,2
133,7886,Казань,Товар 33,37072,2024-09-25,1
134,5119,Санкт-Петербург,Товар 32,62373,2024-09-25,4
135,4899,Новосибирск,Товар 13,12384,2024-10-16,5
136,1658,Москва,Товар 7,90088,2024-09-25,4
137,5526,Казань,Товар 1,38663,2024-09-26,3
138,7667,Екатеринбург,Товар 12,91008,2024-10-14,1
139,8600,Москва,Товар 43,41215,2024-11-17,4
140,4220,Новосибирск,Товар 8,93350,2024-09-13,4
141,3395,Москва,Товар 2,99188,2024-09-07,5
142,8574,Новосибирск,Товар 3,17545,2024-10-26,4
143,5824,Казань,Товар 4,7533,2024-09-15,1
144,6153,Новосибирск,Товар 16,98326,2024-11-03,4
145,7610,Санкт-Петербург,Товар 12,34296,2024-09-17,4
146,3474,Санкт-Петербург,Товар 9,30818,2024-08-24,4
147,7844,Москва,Товар 9,14943,2024-09-21,4
148,1486,Москва,Товар 19,63884,2024-10-07,2
149,6052,Новосибирск,Товар 34,27581,2024-09-19,1
150,5694,Казань,Товар 21,38702,2024-11-05,1
151,3710,Екатеринбург,Товар 42,5979,2024-09-06,3
152,7520,Москва,Товар 4,84676,2024-09-26,1
153,8085,Казань,Товар 38,90841,2024-09-17,1
154,1429,Москва,Товар 27,89866,2024-11-01,1
155,2135,Санкт-Петербург,Товар 46,10765,2024-11-01,2
156,1382,Казань,Товар 21,8653,2024-08-28,4
157,1825,Москва,Товар 23,38292,2024-10-01,4
158,9938,Новосибирск,Товар 49,80063,2024-10-14,1
159,7051,Казань,Товар 50,19039,2024-10-06,5
160,7277,Екатеринбург,Товар 18,37370,2024-10-25,5
161,9685,Москва,Товар 35,40143,2024-09-19,1
162,9831,Екатеринбург,Товар 17,55548,2024-11-06,1
163,8991,Санкт-Петербург,Товар 22,9173,2024-11-06,4
164,9466,Казань,Товар 2,55643,2024-09-07,2
165,9553,Новосибирск,Товар 35,32010,2024-09-16,5
166,8131,Екатеринбург,Товар 14,83363,2024-10-13,2
167,6380,Новосибирск,Товар 26,51244,2024-10-09,2
168,1737,Москва,Товар 1,60800,2024-10-13,4
169,5408,Новосибирск,Товар 40,66031,2024-11-04,2
170,1070,Санкт-Петербург,Товар 13,72650,2024-10-19,3
171,8560,Москва,Товар 32,22285,2024-08-29,4
172,6078,Новосибирск,Товар 28,28662,2024-09-08,3
173,4966,Екатеринбург,Товар 2,65722,2024-08-20,2
174,9514,Екатеринбург,Товар 17,55757,2024-10-02,2
175,3768,Казань,Товар 24,49046,2024-11-12,4
176,9447,Москва,Товар 11,44664,2024-09-04,5
177,7196,Новосибирск,Товар 41,57045,2024-11-01,2
178,9062,Екатеринбург,Товар 49,32017,2024-10-29,1
179,2234,Екатеринбург,Товар 2,31362,2024-08-31,3
180,3458,Санкт-Петербург,Товар 48,95012,2024-10-05,5
181,1801,Екатеринбург,Товар 48,66037,2024-08-25,3
182,6819,Санкт-Петербург,Товар 49,95786,2024-08-22,1
183,1382,Санкт-Петербург,Товар 27,30506,2024-11-05,1
184,8403,Новосибирск,Товар 42,55359,2024-08-24,4
185,3060,Москва,Товар 7,50325,2024-10-22,4
186,7792,Новосибирск,Товар 20,14945,2024-10-07,2
187,3593,Санкт-Петербург,Товар 33,14784,2024-09-24,5
188,6439,Санкт-Петербург,Товар 16,47655,2024-09-07,1
189,8103,Санкт-Петербург,Товар 39,85791,2024-10-10,4
190,5634,Казань,Товар 15,87388,2024-10-27,5
191,4446,Новосибирск,Товар 17,34779,2024-09-25,3
192,5479,Новосибирск,Товар 36,35701,2024-11-01,2
193,3972,Новосибирск,Товар 8,46507,2024-10-20,5
194,2914,Казань,Товар 45,72989,2024-11-11,5
195,7832,Санкт-Петербург,Товар 2,23394,2024-10-26,5
196,8244,Казань,Товар 12,5673,2024-09-10,1
197,3681,Москва,Товар 24,18318,2024-09-02,3
198,3507,Москва,Товар 13,24566,2024-09-19,5
199,5416,Казань,Товар 11,81208,2024-09-22,3
200,8836,Москва,Товар 4,26849,2024-10-24,2
201,9207,Москва,Товар 32,14764,2024-10-14,3
202,8812,Казань,Товар 21,34261,2024-10-28,3
203,8629,Москва,Товар 31,77651,2024-10-19,2
204,2352,Новосибирск,Товар 34,94018,2024-10-24,5
205,1415,Екатеринбург,Товар 35,8463,2024-10-26,2
206,7661,Новосибирск,Товар 20,24083,2024-11-16,1
207,1776,Санкт-Петербург,Товар 6,42827,2024-10-28,3
208,7730,Екатеринбург,Товар 33,39748,2024-10-13,1
209,4825,Казань,Товар 23,26704,2024-08-22,5
210,1451,Казань,Товар 15,52108,2024-08-25,3
211,3920,Екатеринбург,Товар 50,16693,2024-10-05,1
212,6504,Екатеринбург,Товар 4,38562,2024-09-09,5
213,6539,Екатеринбург,Товар 9,51159,2024-10-01,3
214,8219,Казань,Товар 40,48061,2024-08-24,3
215,7372,Казань,Товар 29,45954,2024-10-19,3
216,7478,Москва,Товар 24,61092,2024-11-17,4
217,1751,Новосибирск,Товар 39,81614,2024-10-03,4
218,6436,Казань,Товар 48,21784,2024-09-30,4
219,4678,Москва,Товар 41,5579,2024-09-04,5
220,4548,Санкт-Петербург,Товар 6,5395,2024-10-10,2
221,7661,Казань,Товар 26,50804,2024-10-05,3
222,1433,Санкт-Петербург,Товар 7,68673,2024-09-14,1
223,3753,Санкт-Петербург,Товар 41,18240,2024-09-28,1
224,8897,Екатеринбург,Товар 17,84823,2024-10-27,4
225,1309,Казань,Товар 47,75000,2024-10-08,4
226,9931,Санкт-Петербург,Товар 4,35503,2024-10-16,5
227,7823,Екатеринбург,Товар 13,50144,2024-09-11,4
228,1836,Казань,Товар 44,54241,2024-08-27,4
229,7142,Москва,Товар 34,53574,2024-10-17,5
230,6150,Казань,Товар 9,52263,2024-09-17,1
231,8690,Москва,Товар 34,34536,2024-09-26,2
232,6736,Казань,Товар 17,45663,2024-08-30,1
233,5782,Санкт-Петербург,Товар 24,70844,2024-09-03,5
234,4344,Новосибирск,Товар 31,46157,2024-08-30,2
235,3472,Москва,Товар 33,42360,2024-09-14,2
236,2324,Новосибирск,Товар 22,94507,2024-09-19,4
237,7205,Новосибирск,Товар 36,49231,2024-11-07,1
238,5345,Санкт-Петербург,Товар 37,58545,2024-09-07,4
239,8876,Москва,Товар 9,37315,2024-11-06,2
240,2247,Екатеринбург,Товар 36,19474,2024-10-26,5
241,6471,Казань,Товар 8,26657,2024-11-01,2
242,7129,Новосибирск,Товар 5,67348,2024-10-30,3
243,8224,Казань,Товар 28,61232,2024-10-13,3
244,8294,Новосибирск,Товар 16,40345,2024-09-04,3
245,9589,Новосибирск,Товар 2,70034,2024-09-02,4
246,4830,Москва,Товар 50,45964,2024-11-14,2
247,9412,Екатеринбург,Товар 16,93794,2024-11-06,1
248,7356,Москва,Товар 2,8769,2024-09-02,3
249,1843,Москва,Товар 47,17809,2024-10-26,5
250,4997,Москва,Товар 1,24833,2024-10-01,4
251,8137,Новосибирск,Товар 20,20275,2024-09-30,3
252,7716,Москва,Товар 37,45262,2024-10-27,4
253,6104,Казань,Товар 18,25526,2024-10-28,2
254,9444,Казань,Товар 8,5064,2024-09-03,3
255,8787,Екатеринбург,Товар 31,48039,2024-10-06,1
256,4655,Новосибирск,Товар 4,50556,2024-08-20,3
257,3677,Новосибирск,Товар 42,68348,2024-10-29,5
258,7186,Казань,Товар 10,96207,2024-10-10,4
259,6783,Новосибирск,Товар 40,21859,2024-10-12,4
260,3282,Москва,Товар 41,31543,2024-10-15,1
261,3630,Казань,Товар 37,7251,2024-09-23,1
262,1970,Санкт-Петербург,Товар 23,89680,2024-10-19,1
263,9518,Казань,Товар 37,83790,2024-10-05,3
264,9518,Москва,Товар 30,22366,2024-08-28,5
265,4619,Москва,Товар 21,29702,2024-11-11,5
266,8730,Санкт-Петербург,Товар 46,21552,2024-09-25,3
267,8852,Новосибирск,Товар 23,19677,2024-11-09,4
268,4450,Санкт-Петербург,Товар 10,56493,2024-08-21,5
269,9398,Новосибирск,Товар 42,14061,2024-09-23,1
270,5463,Москва,Товар 1,6890,2024-10-28,1
271,9131,Москва,Товар 38,61313,2024-08-25,2
272,2350,Москва,Товар 37,30572,2024-08-22,5
273,1060,Новосибирск,Товар 1,74202,2024-09-15,4
274,9198,Екатеринбург,Товар 30,33582,2024-11-03,2
275,4880,Казань,Товар 45,14990,2024-09-17,3
276,8729,Екатеринбург,Товар 30,18577,2024-11-01,2
277,7686,Казань,Товар 4,84892,2024-09-17,3
278,2936,Санкт-Петербург,Товар 9,32590,2024-10-18,4
279,7178,Екатеринбург,Товар 8,82689,2024-09-25,5
280,6331,Новосибирск,Товар 42,20555,2024-09-21,3
281,4868,Казань,Товар 38,84385,2024-10-02,2
282,3514,Новосибирск,Товар 13,38888,2024-10-06,2
283,8560,Казань,Товар 33,19953,2024-09-06,1
284,9592,Новосибирск,Товар 15,84477,2024-11-05,3
285,4019,Санкт-Петербург,Товар 11,85082,2024-10-30,1
286,8880,Санкт-Петербург,Товар 34,56934,2024-08-25,2
287,2948,Москва,Товар 19,89919,2024-09-27,1
288,7913,Екатеринбург,Товар 42,6259,2024-10-25,2
289,3469,Санкт-Петербург,Товар 46,67871,2024-10-06,3
290,5014,Санкт-Петербург,Товар 48,78245,2024-10-24,1
291,3988,Санкт-Петербург,Товар 10,77569,2024-09-19,4
292,7523,Казань,Товар 29,32316,2024-10-26,2
293,5522,Санкт-Петербург,Товар 1,57299,2024-09-16,4
294,2113,Москва,Товар 22,20539,2024-08-24,3
295,5677,Москва,Товар 6,97959,2024-10-14,1
296,5068,Новосибирск,Товар 10,15278,2024-08-30,3
297,5089,Казань,Товар 13,17155,2024-10-20,3
298,4869,Казань,Товар 49,87419,2024-10-08,1
299,1511,Москва,Товар 19,9529,2024-11-16,4
300,9563,Казань,Товар 12,68203,2024-09-28,2
301,6765,Новосибирск,Товар 23,80115,2024-09-22,1
302,4872,Москва,Товар 8,42303,2024-08-22,1
303,4989,Москва,Товар 37,26646,2024-10-10,1
304,3203,Екатеринбург,Товар 21,57349,2024-11-12,4
305,4726,Казань,Товар 10,16908,2024-09-15,2
306,5237,Санкт-Петербург,Товар 14,11396,2024-09-15,5
307,4595,Москва,Товар 19,64961,2024-09-06,3
308,9595,Казань,Товар 18,32791,2024-09-11,2
309,8048,Санкт-Петербург,Товар 38,31031,2024-08-21,4
310,9257,Москва,Товар 35,26934,2024-09-18,5
311,2055,Москва,Товар 39,50588,2024-11-12,3
312,7433,Екатеринбург,Товар 49,77384,2024-09-29,4
313,4189,Санкт-Петербург,Товар 23,44511,2024-10-04,1
314,8507,Москва,Товар 30,46777,2024-08-22,1
315,2382,Санкт-Петербург,Товар 38,27735,2024-10-21,4
316,2020,Новосибирск,Товар 19,24168,2024-10-17,2
317,4009,Москва,Товар 9,33803,2024-10-19,1
318,1786,Москва,Товар 31,70584,2024-09-14,1
319,7189,Екатеринбург,Товар 43,28628,2024-10-14,1
320,5566,Новосибирск,Товар 37,85414,2024-10-18,3
321,2061,Новосибирск,Товар 22,84874,2024-09-02,2
322,8172,Казань,Товар 45,99677,2024-10-05,5
323,8719,Екатеринбург,Товар 19,80757,2024-11-06,4
324,2437,Москва,Товар 10,96405,2024-09-30,2
325,6280,Екатеринбург,Товар 50,80846,2024-11-11,2
326,6743,Екатеринбург,Товар 45,51248,2024-10-04,3
327,5722,Санкт-Петербург,Товар 27,10105,2024-11-09,2
328,9334,Санкт-Петербург,Товар 43,39953,2024-09-22,2
329,4587,Москва,Товар 49,20143,2024-09-12,2
330,7673,Казань,Товар 17,86020,2024-11-01,5
331,5480,Екатеринбург,Товар 22,37327,2024-10-02,2
332,1089,Москва,Товар 17,54043,2024-11-01,5
333,8220,Москва,Товар 47,97345,2024-10-20,4
334,7845,Екатеринбург,Товар 38,84033,2024-08-30,3
335,7418,Екатеринбург,Товар 7,71911,2024-09-08,3
336,9473,Санкт-Петербург,Товар 3,26016,2024-11-05,2
337,3005,Санкт-Петербург,Товар 32,15788,2024-11-04,3
338,6721,Казань,Товар 46,92772,2024-10-22,5
339,5604,Казань,Товар 19,26584,2024-09-30,3
340,1887,Казань,Товар 45,78229,2024-09-04,2
341,8470,Казань,Товар 34,49606,2024-10-10,5
342,1504,Казань,Товар 31,99614,2024-08-30,5
343,8831,Санкт-Петербург,Товар 3,48402,2024-10-29,3
344,3517,Екатеринбург,Товар 6,87215,2024-09-19,5
345,6602,Москва,Товар 34,92400,2024-08-21,4
346,6836,Москва,Товар 37,32713,2024-08-30,1
347,6820,Санкт-Петербург,Товар 22,27116,2024-10-17,3
348,5719,Казань,Товар 46,33033,2024-09-07,5
349,7633,Новосибирск,Товар 36,40710,2024-10-13,2
350,7630,Санкт-Петербург,Товар 7,30139,2024-08-20,4
351,1940,Казань,Товар 23,24281,2024-09-22,2
352,6047,Новосибирск,Товар 45,74251,2024-08-28,2
353,1769,Санкт-Петербург,Товар 49,69355,2024-10-11,1
354,7798,Москва,Товар 7,87718,2024-08-22,3
355,8361,Новосибирск,Товар 31,66975,2024-09-02,5
356,9940,Москва,Товар 35,19453,2024-11-03,5
357,2086,Екатеринбург,Товар 47,49776,2024-08-27,2
358,4550,Новосибирск,Товар 47,31532,2024-11-14,2
359,7405,Санкт-Петербург,Товар 11,60865,2024-09-14,3
360,7626,Екатеринбург,Товар 7,45958,2024-11-01,1
361,2417,Казань,Товар 44,9451,2024-11-05,4
362,3920,Новосибирск,Товар 46,44446,2024-11-16,1
363,9420,Екатеринбург,Товар 39,27909,2024-09-30,4
364,2785,Москва,Товар 22,90098,2024-09-14,2
365,5406,Новосибирск,Товар 25,88306,2024-09-11,1
366,5644,Казань,Товар 26,18768,2024-10-10,5
367,7620,Казань,Товар 48,46611,2024-10-27,5
368,1809,Казань,Товар 18,65799,2024-10-25,2
369,2023,Санкт-Петербург,Товар 23,6368,2024-09-17,3
370,4668,Казань,Товар 31,37646,2024-10-20,4
371,9937,Новосибирск,Товар 20,67217,2024-11-09,5
372,9954,Новосибирск,Товар 5,83857,2024-11-02,5
373,7311,Казань,Товар 29,55810,2024-10-19,1
374,9055,Казань,Товар 39,13501,2024-09-22,5
375,5598,Казань,Товар 45,7637,2024-10-02,4
376,8102,Екатеринбург,Товар 23,97879,2024-10-10,3
377,9784,Казань,Товар 14,67139,2024-09-14,1
378,8405,Москва,Товар 47,61574,2024-11-15,2
379,4289,Екатеринбург,Товар 1,92891,2024-10-10,1
380,5344,Казань,Товар 46,45265,2024-10-03,1
381,8929,Новосибирск,Товар 42,38667,2024-11-12,4
382,8136,Санкт-Петербург,Товар 23,74597,2024-08-24,1
383,3940,Санкт-Петербург,Товар 49,19100,2024-10-31,4
384,9062,Москва,Товар 23,49509,2024-10-05,2
385,6806,Санкт-Петербург,Товар 18,97354,2024-11-03,1
386,1091,Казань,Товар 49,21490,2024-10-02,1
387,5526,Санкт-Петербург,Товар 35,84858,2024-09-02,3
388,5233,Санкт-Петербург,Товар 31,36544,2024-08-26,1
389,3684,Екатеринбург,Товар 9,16381,2024-09-24,3
390,1406,Казань,Товар 4,64253,2024-10-12,5
391,2069,Казань,Товар 32,93965,2024-08-21,4
392,2825,Санкт-Петербург,Товар 14,50741,2024-10-21,4
393,6968,Санкт-Петербург,Товар 26,96513,2024-11-05,4
394,9279,Москва,Товар 4,30161,2024-10-15,2
395,3165,Казань,Товар 16,61016,2024-09-09,3
396,8696,Казань,Товар 30,53088,2024-11-15,1
397,2069,Санкт-Петербург,Товар 21,29120,2024-11-17,1
398,4172,Казань,Товар 38,58214,2024-11-10,5
399,4723,Москва,Товар 43,12080,2024-10-26,5
400,5946,Новосибирск,Товар 22,75675,2024-09-19,4
401,2973,Новосибирск,Товар 40,92315,2024-10-30,4
402,2679,Екатеринбург,Товар 24,6007,2024-10-29,5
403,5403,Новосибирск,Товар 18,65683,2024-10-20,4
404,2025,Новосибирск,Товар 11,41814,2024-10-31,3
405,7294,Санкт-Петербург,Товар 30,73914,2024-11-01,5
406,9169,Казань,Товар 15,33766,2024-09-07,5
407,5546,Москва,Товар 11,27873,2024-09-28,5
408,2235,Новосибирск,Товар 35,62617,2024-08-31,3
409,3351,Москва,Товар 11,27600,2024-09-21,1
410,2992,Казань,Товар 34,94994,2024-10-11,1
411,8989,Москва,Товар 36,24123,2024-10-03,5
412,7391,Казань,Товар 17,40756,2024-11-07,4
413,5600,Санкт-Петербург,Товар 13,70952,2024-09-13,1
414,5902,Москва,Товар 45,9958,2024-08-30,3
415,8141,Казань,Товар 8,88036,2024-10-15,3
416,2424,Санкт-Петербург,Товар 7,61291,2024-10-29,4
417,5204,Екатеринбург,Товар 47,52752,2024-09-26,5
418,5579,Екатеринбург,Товар 28,69957,2024-09-18,1
419,4060,Санкт-Петербург,Товар 25,16597,2024-10-24,5
420,9387,Санкт-Петербург,Товар 7,60389,2024-10-02,2
421,7152,Москва,Товар 6,25608,2024-09-09,4
422,5449,Москва,Товар 16,15650,2024-11-09,2
423,4817,Санкт-Петербург,Товар 33,81793,2024-09-28,1
424,4662,Казань,Товар 27,15572,2024-09-09,5
425,1340,Санкт-Петербург,Товар 18,6376,2024-09-28,2
426,4342,Санкт-Петербург,Товар 29,38369,2024-11-06,1
427,1174,Казань,Товар 25,62350,2024-10-20,2
428,6890,Санкт-Петербург,Товар 29,44548,2024-11-11,5
429,9332,Казань,Товар 10,28130,2024-10-06,4
430,6806,Москва,Товар 40,98953,2024-08-20,1
431,8414,Новосибирск,Товар 26,38612,2024-10-30,4
432,4365,Новосибирск,Товар 44,92847,2024-10-30,2
433,7460,Екатеринбург,Товар 20,13325,2024-10-28,1
434,6771,Москва,Товар 50,78356,2024-09-19,3
435,7794,Казань,Товар 24,55321,2024-11-15,2
436,7173,Москва,Товар 34,56386,2024-10-13,1
437,2267,Екатеринбург,Товар 42,86269,2024-09-19,4
438,9472,Москва,Товар 38,35599,2024-10-16,4
439,2617,Казань,Товар 17,53718,2024-08-25,3
440,1577,Екатеринбург,Товар 50,25762,2024-10-15,5
441,4208,Санкт-Петербург,Товар 47,91212,2024-10-26,4
442,2560,Санкт-Петербург,Товар 14,10690,2024-09-01,1
443,5875,Москва,Товар 39,34193,2024-09-05,1
444,7148,Екатеринбург,Товар 33,35229,2024-10-17,4
445,3706,Санкт-Петербург,Товар 5,69135,2024-10-14,4
446,2096,Новосибирск,Товар 21,5469,2024-10-22,1
447,8872,Санкт-Петербург,Товар 26,45221,2024-09-28,3
448,5953,Казань,Товар 2,13273,2024-10-24,4
449,7132,Екатеринбург,Товар 22,66222,2024-09-28,2
450,3647,Новосибирск,Товар 1,75716,2024-10-22,4
451,2343,Казань,Товар 24,13061,2024-09-12,2
452,7541,Казань,Товар 28,7260,2024-10-10,5
453,6531,Екатеринбург,Товар 16,32861,2024-10-24,5
454,9521,Новосибирск,Товар 8,83360,2024-09-30,1
455,7876,Екатеринбург,Товар 32,97154,2024-09-11,3
456,9448,Санкт-Петербург,Товар 3,86182,2024-09-04,1
457,7667,Москва,Товар 43,93857,2024-10-22,2
458,1313,Москва,Товар 23,47421,2024-11-14,4
459,4474,Москва,Товар 34,25111,2024-08-31,2
460,1419,Казань,Товар 1,56281,2024-09-28,2
461,5847,Новосибирск,Товар 36,63713,2024-10-14,4
462,9355,Москва,Товар 27,69321,2024-09-10,3
463,1617,Казань,Товар 22,57705,2024-10-22,2
464,2703,Казань,Товар 5,87196,2024-08-31,4
465,5734,Новосибирск,Товар 30,89725,2024-09-10,4
466,7195,Новосибирск,Товар 31,7415,2024-09-21,4
467,2561,Новосибирск,Товар 5,60207,2024-09-29,5
468,5167,Санкт-Петербург,Товар 30,29772,2024-10-26,2
469,2683,Санкт-Петербург,Товар 35,78646,2024-10-19,5
470,8342,Казань,Товар 31,7113,2024-09-22,3
471,7420,Екатеринбург,Товар 8,16941,2024-11-05,4
472,5342,Казань,Товар 25,75275,2024-09-25,1
473,7916,Новосибирск,Товар 20,15426,2024-08-30,2
474,5358,Москва,Товар 9,11328,2024-11-15,5
475,1149,Новосибирск,Товар 19,61026,2024-09-29,1
476,7647,Новосибирск,Товар 9,50107,2024-09-30,4
477,7724,Казань,Товар 28,36845,2024-11-03,1
478,8801,Москва,Товар 47,33360,2024-08-24,2
479,1779,Новосибирск,Товар 27,11658,2024-09-14,2
480,5481,Казань,Товар 15,98202,2024-09-28,2
481,2649,Екатеринбург,Товар 14,30130,2024-11-09,4
482,9731,Казань,Товар 44,20346,2024-10-29,4
483,5197,Санкт-Петербург,Товар 38,6745,2024-10-01,4
484,7274,Москва,Товар 7,45218,2024-10-13,5
485,6316,Новосибирск,Товар 22,80262,2024-09-02,2
486,5909,Москва,Товар 34,33535,2024-11-03,3
487,1923,Казань,Товар 46,91726,2024-08-28,3
488,1839,Санкт-Петербург,Товар 14,96523,2024-10-25,5
489,9149,Санкт-Петербург,Товар 48,96872,2024-10-12,2
490,5472,Казань,Товар 35,67524,2024-10-31,3
491,9641,Казань,Товар 23,84625,2024-11-17,2
492,2101,Санкт-Петербург,Товар 10,17577,2024-09-21,5
493,9091,Новосибирск,Товар 15,12832,2024-08-26,2
494,5663,Екатеринбург,Товар 19,58742,2024-10-08,1
495,3809,Казань,Товар 26,97825,2024-10-06,1
496,2881,Москва,Товар 29,54904,2024-11-15,4
497,9059,Новосибирск,Товар 33,10886,2024-09-20,1
498,1544,Санкт-Петербург,Товар 23,90680,2024-10-26,2
499,7646,Новосибирск,Товар 10,19676,2024-09-22,3
500,3263,Казань,Товар 42,57807,2024-10-05,2
501,8074,Екатеринбург,Товар 37,65783,2024-08-22,1
502,1857,Санкт-Петербург,Товар 49,88273,2024-10-16,1
503,4659,Санкт-Петербург,Товар 4,38221,2024-10-14,3
504,5416,Казань,Товар 16,60504,2024-11-15,3
505,5310,Москва,Товар 16,95027,2024-10-14,2
506,2066,Москва,Товар 24,94733,2024-08-28,1
507,9082,Санкт-Петербург,Товар 39,60897,2024-10-12,1
508,8104,Екатеринбург,Товар 14,29309,2024-09-21,1
509,5916,Казань,Товар 6,88933,2024-08-24,3
510,4162,Екатеринбург,Товар 4,77187,2024-08-27,1
511,3710,Санкт-Петербург,Товар 9,93325,2024-10-29,2
512,4377,Москва,Товар 32,43455,2024-10-04,1
513,2894,Новосибирск,Товар 32,57999,2024-10-14,3
514,7266,Москва,Товар 7,7780,2024-10-07,4
515,4944,Казань,Товар 11,33142,2024-11-17,1
516,1733,Новосибирск,Товар 20,79479,2024-11-13,3
517,3446,Москва,Товар 35,24538,2024-09-25,1
518,4148,Санкт-Петербург,Товар 40,38432,2024-09-01,5
519,7538,Екатеринбург,Товар 12,77542,2024-09-17,1
520,2813,Санкт-Петербург,Товар 32,81461,2024-08-30,5
521,4170,Новосибирск,Товар 50,82859,2024-11-16,1
522,2088,Санкт-Петербург,Товар 47,16759,2024-08-23,4
523,5283,Екатеринбург,Товар 4,79343,2024-10-02,2
524,6849,Екатеринбург,Товар 15,62970,2024-10-18,2
525,4311,Екатеринбург,Товар 21,96103,2024-09-15,1
526,2419,Москва,Товар 17,58309,2024-11-17,5
527,8343,Новосибирск,Товар 25,70920,2024-11-02,3
528,2999,Екатеринбург,Товар 30,23341,2024-08-20,5
529,9792,Новосибирск,Товар 25,44307,2024-10-29,3
530,2709,Санкт-Петербург,Товар 41,49635,2024-08-20,1
531,8742,Казань,Товар 30,5151,2024-11-14,1
532,5895,Екатеринбург,Товар 3,35571,2024-09-01,5
533,4661,Москва,Товар 15,16860,2024-10-18,4
534,6272,Екатеринбург,Товар 43,80312,2024-10-30,3
535,8363,Москва,Товар 35,53423,2024-09-06,5
536,9249,Екатеринбург,Товар 13,40282,2024-09-03,2
537,1035,Москва,Товар 3,84807,2024-09-09,2
538,8588,Новосибирск,Товар 27,96225,2024-10-06,4
539,1989,Новосибирск,Товар 10,20352,2024-09-21,4
540,3690,Казань,Товар 29,73175,2024-10-29,3
541,2399,Санкт-Петербург,Товар 47,41307,2024-11-03,5
542,3373,Казань,Товар 22,10781,2024-10-04,2
543,5038,Москва,Товар 8,36906,2024-09-30,2
544,5822,Казань,Товар 27,69481,2024-11-12,5
545,2397,Екатеринбург,Товар 25,27685,2024-10-02,5
546,4294,Москва,Товар 28,8212,2024-11-05,5
547,6784,Москва,Товар 31,98678,2024-10-10,2
548,6870,Санкт-Петербург,Товар 29,61324,2024-09-15,2
549,8885,Москва,Товар 14,51518,2024-10-30,3
550,9109,Казань,Товар 25,20630,2024-10-06,4
551,8767,Новосибирск,Товар 20,97048,2024-10-16,4
552,5090,Москва,Товар 22,91705,2024-11-11,5
553,2120,Новосибирск,Товар 22,54134,2024-11-04,3
554,4117,Санкт-Петербург,Товар 37,22520,2024-09-13,4
555,4256,Екатеринбург,Товар 11,67108,2024-09-19,2
556,7373,Екатеринбург,Товар 45,39476,2024-09-22,1
557,4826,Санкт-Петербург,Товар 31,93931,2024-11-09,1
558,5376,Казань,Товар 14,43312,2024-09-04,2
559,8752,Москва,Товар 17,26227,2024-09-23,4
560,4875,Санкт-Петербург,Товар 13,91986,2024-10-04,2
561,9667,Екатеринбург,Товар 3,38667,2024-09-28,3
562,4009,Казань,Товар 36,55888,2024-08-31,3
563,1637,Санкт-Петербург,Товар 19,34392,2024-09-19,1
564,6108,Новосибирск,Товар 6,52704,2024-10-16,2
565,9331,Екатеринбург,Товар 25,32632,2024-11-10,5
566,8221,Екатеринбург,Товар 26,53371,2024-10-23,4
567,1408,Казань,Товар 5,42125,2024-09-05,2
568,6581,Казань,Товар 26,38247,2024-08-23,5
569,8905,Москва,Товар 19,82120,2024-10-16,5
570,3898,Екатеринбург,Товар 47,92955,2024-08-22,1
571,4528,Екатеринбург,Товар 37,37081,2024-09-11,3
572,4341,Санкт-Петербург,Товар 17,85954,2024-08-31,3
573,3361,Казань,Товар 6,49158,2024-11-07,5
574,2339,Санкт-Петербург,Товар 26,58707,2024-10-21,4
575,9725,Новосибирск,Товар 19,34245,2024-10-12,5
576,4873,Москва,Товар 38,44282,2024-09-06,3
577,2378,Казань,Товар 37,60608,2024-11-13,3
578,5847,Новосибирск,Товар 40,76886,2024-11-08,1
579,1177,Новосибирск,Товар 38,41874,2024-09-30,5
580,2686,Москва,Товар 24,79765,2024-08-26,1
581,2281,Казань,Товар 34,16620,2024-11-14,2
582,3013,Москва,Товар 19,83792,2024-11-15,3
583,6518,Москва,Товар 27,85264,2024-09-27,1
584,6903,Санкт-Петербург,Товар 43,52000,2024-09-08,4
585,5704,Новосибирск,Товар 19,91315,2024-11-07,5
586,7894,Санкт-Петербург,Товар 40,30232,2024-10-20,5
587,5134,Казань,Товар 48,84980,2024-09-13,2
588,9840,Екатеринбург,Товар 7,51581,2024-10-18,5
589,8158,Новосибирск,Товар 18,11035,2024-10-02,1
590,3666,Екатеринбург,Товар 24,27557,2024-10-17,2
591,7765,Казань,Товар 13,47461,2024-09-13,4
592,2643,Новосибирск,Товар 29,32078,2024-10-15,5
593,1870,Новосибирск,Товар 20,6614,2024-11-01,5
594,7729,Новосибирск,Товар 35,58490,2024-08-23,5
595,9665,Казань,Товар 17,57855,2024-10-22,3
596,1516,Новосибирск,Товар 1,28943,2024-10-05,4
597,4574,Москва,Товар 6,45264,2024-10-15,2
598,7450,Екатеринбург,Товар 2,21638,2024-09-09,2
599,6232,Екатеринбург,Товар 44,63623,2024-08-29,3
600,8873,Санкт-Петербург,Товар 34,72464,2024-10-16,2
601,3502,Санкт-Петербург,Товар 26,87573,2024-11-01,5
602,1757,Новосибирск,Товар 8,85300,2024-10-07,4
603,6249,Москва,Товар 42,63235,2024-11-07,3
604,3040,Москва,Товар 38,73363,2024-11-02,4
605,6762,Казань,Товар 50,8256,2024-11-06,2
606,6330,Санкт-Петербург,Товар 6,23851,2024-10-09,3
607,3785,Новосибирск,Товар 25,5033,2024-11-13,2
608,3172,Новосибирск,Товар 10,48009,2024-10-24,3
609,5590,Новосибирск,Товар 21,9066,2024-10-07,2
610,9549,Казань,Товар 25,56800,2024-09-18,5
611,9765,Санкт-Петербург,Товар 42,79184,2024-11-17,1
612,6113,Екатеринбург,Товар 48,96784,2024-09-15,5
613,7853,Казань,Товар 2,53177,2024-10-02,2
614,9165,Санкт-Петербург,Товар 15,18168,2024-10-31,3
615,3833,Новосибирск,Товар 11,19126,2024-10-10,4
616,7286,Новосибирск,Товар 12,60616,2024-10-28,2
617,2724,Екатеринбург,Товар 21,98615,2024-10-19,2
618,6807,Санкт-Петербург,Товар 12,36978,2024-11-09,1
619,9315,Казань,Товар 21,57715,2024-09-16,4
620,9913,Новосибирск,Товар 21,87059,2024-11-04,5
621,1740,Москва,Товар 11,60876,2024-10-31,5
622,3521,Екатеринбург,Товар 37,91525,2024-10-11,4
623,7891,Новосибирск,Товар 18,95708,2024-10-15,5
624,8081,Москва,Товар 35,25444,2024-09-22,2
625,2779,Москва,Товар 5,17132,2024-10-11,5
626,1095,Санкт-Петербург,Товар 14,44912,2024-10-21,4
627,6790,Санкт-Петербург,Товар 16,81529,2024-09-10,2
628,2713,Екатеринбург,Товар 45,44160,2024-08-23,1
629,9237,Новосибирск,Товар 48,26947,2024-11-02,5
630,9944,Санкт-Петербург,Товар 48,11390,2024-09-09,5
631,2737,Москва,Товар 25,74406,2024-08-27,5
632,8923,Новосибирск,Товар 32,47254,2024-09-23,5
633,7934,Казань,Товар 9,41826,2024-09-21,2
634,6038,Екатеринбург,Товар 48,53952,2024-08-22,3
635,5165,Москва,Товар 9,86438,2024-09-07,3
636,4550,Екатеринбург,Товар 27,95668,2024-11-04,2
637,3986,Санкт-Петербург,Товар 34,90649,2024-10-22,3
638,2881,Санкт-Петербург,Товар 49,11536,2024-10-30,4
639,4037,Казань,Товар 20,47622,2024-10-17,5
640,3015,Казань,Товар 18,37689,2024-09-02,4
641,7871,Москва,Товар 25,46565,2024-10-04,2
642,6583,Новосибирск,Товар 34,24053,2024-11-17,2
643,1523,Санкт-Петербург,Товар 42,77951,2024-10-05,1
644,7482,Казань,Товар 33,73208,2024-09-21,1
645,9267,Екатеринбург,Товар 46,97849,2024-09-14,3
646,5665,Казань,Товар 18,66638,2024-10-26,3
647,1020,Санкт-Петербург,Товар 45,84515,2024-08-24,4
648,6809,Казань,Товар 26,47005,2024-11-08,5
649,1329,Екатеринбург,Товар 32,27375,2024-09-17,5
650,7304,Москва,Товар 31,24986,2024-08-24,4
651,5002,Казань,Товар 26,67250,2024-11-04,5
652,4045,Новосибирск,Товар 16,49389,2024-11-01,1
653,8422,Новосибирск,Товар 10,18841,2024-09-13,3
654,1719,Новосибирск,Товар 22,75748,2024-09-02,1
655,8512,Санкт-Петербург,Товар 30,45497,2024-09-16,4
656,2503,Новосибирск,Товар 44,37564,2024-10-05,4
657,4104,Санкт-Петербург,Товар 16,13724,2024-10-12,1
658,1624,Санкт-Петербург,Товар 47,65723,2024-08-27,3
659,2163,Санкт-Петербург,Товар 13,14068,2024-11-04,4
660,1907,Казань,Товар 34,86440,2024-09-12,3
661,5287,Новосибирск,Товар 22,93165,2024-08-28,2
662,6889,Санкт-Петербург,Товар 20,54205,2024-11-12,2
663,7736,Казань,Товар 48,38416,2024-09-15,2
664,6642,Екатеринбург,Товар 3,25063,2024-09-20,3
665,5261,Екатеринбург,Товар 20,73923,2024-11-08,4
666,2164,Екатеринбург,Товар 28,26373,2024-10-25,4
667,1343,Москва,Товар 32,20117,2024-10-01,1
668,7117,Екатеринбург,Товар 44,66143,2024-09-02,3
669,4251,Москва,Товар 48,36195,2024-10-23,5
670,5308,Казань,Товар 3,84539,2024-08-22,3
671,3434,Санкт-Петербург,Товар 23,26978,2024-10-25,2
672,3647,Екатеринбург,Товар 41,99752,2024-10-24,5
673,7391,Казань,Товар 15,74297,2024-08-25,2
674,4629,Казань,Товар 37,28969,2024-08-28,1
675,2233,Санкт-Петербург,Товар 32,27474,2024-08-28,2
676,2701,Санкт-Петербург,Товар 12,35824,2024-10-17,4
677,4482,Екатеринбург,Товар 32,22393,2024-10-09,3
678,7059,Казань,Товар 27,84040,2024-11-06,3
679,2551,Санкт-Петербург,Товар 36,44951,2024-10-08,2
680,8650,Екатеринбург,Товар 47,20912,2024-09-01,3
681,3427,Новосибирск,Товар 47,68144,2024-09-11,3
682,7781,Екатеринбург,Товар 5,28820,2024-08-20,5
683,1390,Казань,Товар 20,81433,2024-09-20,4
684,3787,Новосибирск,Товар 6,52410,2024-10-29,4
685,5461,Санкт-Петербург,Товар 14,55682,2024-10-06,4
686,2377,Казань,Товар 22,88477,2024-08-28,1
687,5432,Санкт-Петербург,Товар 10,57034,2024-09-09,5
688,2368,Казань,Товар 23,42471,2024-08-31,2
689,9054,Екатеринбург,Товар 14,77961,2024-10-02,1
690,6153,Москва,Товар 36,59090,2024-10-29,2
691,4811,Новосибирск,Товар 50,26445,2024-11-02,1
692,6256,Новосибирск,Товар 9,78827,2024-11-05,5
693,1189,Санкт-Петербург,Товар 26,10310,2024-09-17,2
694,2878,Санкт-Петербург,Товар 14,98577,2024-08-28,1
695,1261,Казань,Товар 34,36785,2024-09-09,3
696,6527,Москва,Товар 34,73131,2024-11-14,2
697,6804,Казань,Товар 22,85565,2024-08-29,3
698,6339,Казань,Товар 16,36305,2024-09-24,1
699,5763,Екатеринбург,Товар 9,77659,2024-11-01,4
700,6105,Москва,Товар 10,62437,2024-08-21,2
701,6733,Санкт-Петербург,Товар 33,23788,2024-11-17,3
702,6180,Казань,Товар 43,95450,2024-09-24,2
703,4064,Казань,Товар 48,7803,2024-09-15,1
704,6946,Казань,Товар 11,59619,2024-11-07,2
705,8952,Новосибирск,Товар 6,71531,2024-10-17,1
706,5320,Казань,Товар 38,74532,2024-11-03,5
707,5705,Екатеринбург,Товар 46,90811,2024-11-07,3
708,5886,Казань,Товар 2,56333,2024-10-12,1
709,4322,Екатеринбург,Товар 34,33230,2024-11-11,1
710,4680,Казань,Товар 13,11859,2024-09-12,2
711,9690,Казань,Товар 8,47072,2024-10-31,4
712,2616,Казань,Товар 13,62215,2024-10-11,1
713,8455,Москва,Товар 28,10295,2024-09-14,4
714,1199,Казань,Товар 46,59039,2024-10-10,5
715,2938,Санкт-Петербург,Товар 32,29488,2024-10-23,3
716,8652,Екатеринбург,Товар 40,19230,2024-10-14,5
717,4651,Новосибирск,Товар 27,26213,2024-08-29,1
718,3595,Москва,Товар 17,99537,2024-11-01,2
719,6961,Санкт-Петербург,Товар 12,25066,2024-10-20,4
720,4621,Новосибирск,Товар 26,44492,2024-10-17,4
721,6327,Новосибирск,Товар 22,49654,2024-11-05,4
722,2236,Москва,Товар 35,13961,2024-09-25,3
723,8576,Казань,Товар 7,66080,2024-10-06,1
724,9503,Екатеринбург,Товар 44,18289,2024-11-06,3
725,3800,Екатеринбург,Товар 13,60168,2024-10-27,3
726,2682,Москва,Товар 13,61755,2024-11-03,2
727,7865,Казань,Товар 19,39092,2024-09-27,1
728,5032,Екатеринбург,Товар 16,90736,2024-10-13,5
729,1989,Санкт-Петербург,Товар 18,70721,2024-11-06,3
730,7310,Москва,Товар 44,69558,2024-10-12,3
731,8890,Москва,Товар 20,71218,2024-11-10,4
732,8512,Москва,Товар 24,19917,2024-09-24,3
733,4028,Екатеринбург,Товар 28,83537,2024-10-12,4
734,7467,Новосибирск,Товар 27,19655,2024-09-03,4
735,8776,Екатеринбург,Товар 5,94282,2024-10-14,5
736,6013,Санкт-Петербург,Товар 17,51421,2024-11-07,3
737,2500,Казань,Товар 32,74201,2024-10-29,4
738,2936,Санкт-Петербург,Товар 20,87249,2024-11-16,3
739,1858,Екатеринбург,Товар 43,58103,2024-10-10,1
740,2361,Москва,Товар 11,76589,2024-10-27,4
741,5986,Санкт-Петербург,Товар 40,75537,2024-10-22,5
742,7968,Новосибирск,Товар 24,18383,2024-10-10,5
743,1017,Санкт-Петербург,Товар 4,16688,2024-11-16,3
744,6928,Новосибирск,Товар 24,59628,2024-11-14,4
745,7296,Екатеринбург,Товар 39,43797,2024-09-14,1
746,9751,Казань,Товар 14,72737,2024-09-28,2
747,7724,Новосибирск,Товар 37,27912,2024-10-26,5
748,2120,Санкт-Петербург,Товар 8,40605,2024-10-31,4
749,4841,Москва,Товар 11,62925,2024-09-30,4
750,9651,Казань,Товар 5,31372,2024-09-08,2
751,7121,Москва,Товар 32,75282,2024-09-24,2
752,6383,Казань,Товар 42,99094,2024-10-19,2
753,8111,Казань,Товар 27,13869,2024-11-08,4
754,9735,Новосибирск,Товар 32,79010,2024-10-08,1
755,4453,Новосибирск,Товар 34,67381,2024-11-16,4
756,3624,Санкт-Петербург,Товар 12,9167,2024-09-11,2
757,1544,Новосибирск,Товар 3,24730,2024-09-15,3
758,2844,Новосибирск,Товар 28,90359,2024-10-15,1
759,6472,Казань,Товар 4,14686,2024-08-25,3
760,6403,Казань,Товар 36,46297,2024-11-11,2
761,6184,Москва,Товар 31,37104,2024-10-08,1
762,1093,Екатеринбург,Товар 27,8108,2024-10-06,3
763,1131,Екатеринбург,Товар 42,76153,2024-10-06,1
764,2341,Санкт-Петербург,Товар 47,54013,2024-09-22,1
765,3480,Казань,Товар 42,77608,2024-10-16,3
766,9858,Санкт-Петербург,Товар 17,82539,2024-10-20,3
767,5894,Новосибирск,Товар 20,27470,2024-11-16,1
768,1385,Москва,Товар 2,48920,2024-09-08,2
769,5860,Санкт-Петербург,Товар 45,57114,2024-10-05,2
770,1879,Санкт-Петербург,Товар 23,74928,2024-11-09,2
771,5706,Москва,Товар 28,12561,2024-09-15,2
772,8608,Москва,Товар 43,68896,2024-10-21,3
773,8731,Новосибирск,Товар 39,9139,2024-09-17,5
774,7790,Санкт-Петербург,Товар 4,5690,2024-09-21,2
775,4682,Екатеринбург,Товар 49,71089,2024-09-12,1
776,9568,Казань,Товар 37,96795,2024-09-18,2
777,5490,Казань,Товар 16,9196,2024-09-29,3
778,9248,Москва,Товар 49,22316,2024-10-12,1
779,7979,Новосибирск,Товар 38,71927,2024-09-09,5
780,2221,Казань,Товар 21,38147,2024-10-29,5
781,5924,Новосибирск,Товар 11,84873,2024-09-01,5
782,2339,Екатеринбург,Товар 46,24776,2024-09-08,5
783,5657,Казань,Товар 44,92541,2024-10-07,2
784,9056,Екатеринбург,Товар 16,45313,2024-09-12,3
785,6064,Новосибирск,Товар 7,82842,2024-11-01,4
786,6860,Санкт-Петербург,Товар 7,30328,2024-08-30,4
787,7884,Казань,Товар 48,75986,2024-11-08,1
788,7195,Санкт-Петербург,Товар 3,70528,2024-09-13,2
789,6870,Екатеринбург,Товар 18,59551,2024-11-17,1
790,8919,Новосибирск,Товар 43,52586,2024-11-16,1
791,3736,Новосибирск,Товар 19,74706,2024-09-11,3
792,2701,Москва,Товар 24,84151,2024-10-03,4
793,4005,Санкт-Петербург,Товар 47,94739,2024-09-20,2
794,4386,Москва,Товар 45,36168,2024-10-10,3
795,4108,Москва,Товар 50,46684,2024-09-27,1
796,3343,Новосибирск,Товар 50,43381,2024-10-14,1
797,9633,Екатеринбург,Товар 19,53734,2024-09-17,5
798,9049,Москва,Товар 43,6628,2024-10-06,3
799,5010,Екатеринбург,Товар 13,73063,2024-08-31,5
800,1649,Санкт-Петербург,Товар 5,40160,2024-09-15,2
801,2047,Екатеринбург,Товар 3,69193,2024-11-03,2
802,1699,Екатеринбург,Товар 13,57028,2024-11-13,5
803,9525,Новосибирск,Товар 43,81137,2024-10-13,5
804,5510,Санкт-Петербург,Товар 41,55511,2024-09-27,2
805,9928,Новосибирск,Товар 33,92121,2024-10-14,1
806,2698,Москва,Товар 27,42549,2024-10-25,3
807,6890,Казань,Товар 32,52963,2024-11-03,1
808,7287,Санкт-Петербург,Товар 42,17926,2024-10-29,1
809,1764,Казань,Товар 46,72963,2024-11-01,5
810,5849,Новосибирск,Товар 19,48844,2024-10-02,2
811,8801,Казань,Товар 23,58651,2024-09-15,4
812,3301,Санкт-Петербург,Товар 48,18819,2024-10-13,1
813,5758,Москва,Товар 15,98214,2024-11-05,1
814,3945,Санкт-Петербург,Товар 23,14926,2024-10-22,3
815,2088,Екатеринбург,Товар 17,35475,2024-11-01,3
816,8516,Казань,Товар 37,39064,2024-10-08,3
817,9239,Екатеринбург,Товар 5,40898,2024-09-11,1
818,7543,Санкт-Петербург,Товар 14,71899,2024-10-11,3
819,4898,Новосибирск,Товар 2,8392,2024-09-04,4
820,6632,Москва,Товар 46,53472,2024-10-08,3
821,6309,Москва,Товар 11,94812,2024-09-19,2
822,2588,Новосибирск,Товар 32,74208,2024-10-30,4
823,3149,Казань,Товар 6,94924,2024-09-08,4
824,5006,Казань,Товар 39,62222,2024-08-29,4
825,7065,Казань,Товар 32,19421,2024-10-21,1
826,7159,Санкт-Петербург,Товар 37,14165,2024-11-09,5
827,2718,Екатеринбург,Товар 19,18045,2024-09-13,5
828,4790,Новосибирск,Товар 35,57558,2024-09-02,2
829,6999,Москва,Товар 3,18070,2024-09-18,5
830,9922,Санкт-Петербург,Товар 38,11910,2024-09-20,4
831,2385,Санкт-Петербург,Товар 19,23801,2024-11-02,3
832,4457,Москва,Товар 23,9313,2024-09-14,5
833,9452,Казань,Товар 36,11144,2024-10-08,1
834,6728,Новосибирск,Товар 19,52342,2024-09-14,2
835,1759,Новосибирск,Товар 47,37290,2024-10-22,3
836,3598,Екатеринбург,Товар 36,63182,2024-08-23,4
837,8342,Новосибирск,Товар 20,55160,2024-09-26,3
838,3612,Екатеринбург,Товар 1,49214,2024-10-31,3
839,9817,Екатеринбург,Товар 32,78200,2024-09-21,5
840,1894,Новосибирск,Товар 44,48112,2024-08-21,4
841,3843,Казань,Товар 20,17387,2024-10-19,3
842,5417,Новосибирск,Товар 20,41261,2024-09-22,5
843,1498,Новосибирск,Товар 5,74438,2024-09-03,4
844,6513,Новосибирск,Товар 46,95620,2024-09-14,3
845,4113,Санкт-Петербург,Товар 16,7624,2024-10-15,4
846,2037,Москва,Товар 26,46041,2024-09-27,4
847,7166,Москва,Товар 31,5783,2024-08-27,4
848,2912,Санкт-Петербург,Товар 37,96554,2024-09-16,2
849,9678,Санкт-Петербург,Товар 12,67781,2024-10-07,2
850,4596,Казань,Товар 10,89562,2024-10-19,4
851,6397,Москва,Товар 26,75093,2024-09-26,4
852,6261,Санкт-Петербург,Товар 24,93082,2024-08-25,4
853,5729,Новосибирск,Товар 28,91878,2024-08-27,4
854,1821,Казань,Товар 39,58043,2024-10-03,2
855,2068,Екатеринбург,Товар 15,85318,2024-08-31,5
856,2521,Новосибирск,Товар 36,97960,2024-11-02,4
857,6534,Казань,Товар 45,35806,2024-08-22,1
858,2392,Екатеринбург,Товар 24,11028,2024-11-03,4
859,3940,Екатеринбург,Товар 31,82537,2024-10-02,2
860,8387,Новосибирск,Товар 37,59364,2024-09-04,3
861,3682,Новосибирск,Товар 3,51820,2024-10-07,2
862,8817,Москва,Товар 44,87372,2024-09-21,5
863,9349,Екатеринбург,Товар 49,11227,2024-09-20,4
864,1367,Казань,Товар 17,16506,2024-11-04,2
865,2146,Санкт-Петербург,Товар 10,86189,2024-09-15,2
866,2469,Новосибирск,Товар 33,61547,2024-10-29,3
867,4999,Санкт-Петербург,Товар 44,93024,2024-09-29,2
868,5041,Казань,Товар 7,20941,2024-09-17,3
869,9324,Екатеринбург,Товар 12,18991,2024-10-11,1
870,7595,Санкт-Петербург,Товар 47,73461,2024-11-12,1
871,1357,Екатеринбург,Товар 45,23150,2024-10-15,2
872,8868,Новосибирск,Товар 25,58253,2024-11-16,5
873,4008,Казань,Товар 38,39201,2024-10-24,2
874,9183,Москва,Товар 26,18922,2024-08-26,2
875,3279,Казань,Товар 16,61075,2024-08-21,2
876,2215,Екатеринбург,Товар 47,96102,2024-09-25,1
877,6444,Новосибирск,Товар 27,18363,2024-09-28,4
878,1159,Екатеринбург,Товар 48,85634,2024-11-07,4
879,9612,Казань,Товар 38,44526,2024-08-21,3
880,2084,Санкт-Петербург,Товар 9,76833,2024-10-14,5
881,9231,Екатеринбург,Товар 50,52833,2024-10-21,3
882,2407,Новосибирск,Товар 25,13798,2024-09-08,3
883,4376,Санкт-Петербург,Товар 17,47135,2024-08-28,1
884,8035,Казань,Товар 49,20759,2024-11-08,5
885,3509,Казань,Товар 26,89546,2024-11-09,4
886,5163,Казань,Товар 20,94078,2024-09-08,5
887,9392,Казань,Товар 22,61602,2024-10-06,2
888,9460,Казань,Товар 5,29939,2024-09-19,5
889,8592,Новосибирск,Товар 6,53628,2024-09-28,4
890,2394,Санкт-Петербург,Товар 26,94523,2024-10-08,5
891,8471,Новосибирск,Товар 12,81017,2024-10-11,3
892,8955,Москва,Товар 11,70909,2024-10-07,4
893,5735,Казань,Товар 44,71039,2024-11-14,2
894,8718,Новосибирск,Товар 35,85228,2024-11-15,2
895,4821,Москва,Товар 48,70569,2024-10-18,1
896,8938,Казань,Товар 6,66306,2024-09-07,5
897,8915,Москва,Товар 16,47206,2024-10-20,3
898,6586,Казань,Товар 47,10332,2024-09-11,4
899,3947,Москва,Товар 2,43270,2024-11-06,5
900,2930,Санкт-Петербург,Товар 44,95532,2024-08-31,2
901,1416,Екатеринбург,Товар 33,88481,2024-09-07,4
902,8608,Санкт-Петербург,Товар 49,24301,2024-09-24,5
903,7595,Москва,Товар 42,29193,2024-11-04,4
904,3831,Екатеринбург,Товар 10,36617,2024-10-22,3
905,4436,Казань,Товар 10,73381,2024-10-23,3
906,8275,Новосибирск,Товар 44,67335,2024-08-23,1
907,1795,Екатеринбург,Товар 20,55053,2024-09-05,2
908,9507,Казань,Товар 21,93738,2024-10-28,3
909,4386,Казань,Товар 15,18238,2024-11-02,3
910,1097,Екатеринбург,Товар 18,18056,2024-10-25,5
911,7592,Новосибирск,Товар 16,46131,2024-09-14,4
912,6564,Екатеринбург,Товар 19,87830,2024-08-28,2
913,6675,Москва,Товар 23,53090,2024-11-13,3
914,6969,Екатеринбург,Товар 4,82647,2024-09-30,2
915,4075,Москва,Товар 42,57896,2024-10-06,4
916,2972,Екатеринбург,Товар 47,48815,2024-10-31,4
917,7566,Екатеринбург,Товар 27,37139,2024-09-02,2
918,2064,Санкт-Петербург,Товар 15,91061,2024-11-15,4
919,2259,Новосибирск,Товар 35,53979,2024-08-23,1
920,5690,Москва,Товар 11,31572,2024-10-18,5
921,9905,Санкт-Петербург,Товар 15,33468,2024-10-05,3
922,2554,Санкт-Петербург,Товар 10,44522,2024-09-02,5
923,4466,Новосибирск,Товар 8,25407,2024-09-12,4
924,2928,Новосибирск,Товар 7,96117,2024-09-11,2
925,5098,Казань,Товар 29,53578,2024-10-26,2
926,9683,Казань,Товар 50,84115,2024-09-26,1
927,4204,Новосибирск,Товар 13,28393,2024-09-01,5
928,3645,Новосибирск,Товар 24,96594,2024-10-12,1
929,6836,Москва,Товар 4,9280,2024-09-13,4
930,4093,Санкт-Петербург,Товар 8,10361,2024-11-08,1
931,1630,Санкт-Петербург,Товар 2,76519,2024-10-09,1
932,6993,Москва,Товар 5,75904,2024-08-28,3
933,1852,Новосибирск,Товар 42,71616,2024-11-04,5
934,1978,Екатеринбург,Товар 5,99386,2024-08-28,4
935,1650,Казань,Товар 5,74983,2024-08-29,4
936,1353,Екатеринбург,Товар 50,52842,2024-08-27,4
937,6869,Новосибирск,Товар 21,29467,2024-11-05,1
938,9028,Москва,Товар 47,37669,2024-11-12,3
939,7096,Казань,Товар 25,84919,2024-10-16,3
940,2521,Казань,Товар 45,77137,2024-09-19,5
941,9220,Москва,Товар 13,62853,2024-10-02,1
942,1148,Новосибирск,Товар 36,72025,2024-10-12,5
943,5001,Екатеринбург,Товар 50,10750,2024-09-03,1
944,9456,Казань,Товар 46,47853,2024-09-24,5
945,7079,Екатеринбург,Товар 1,75722,2024-10-24,2
946,7697,Екатеринбург,Товар 43,39308,2024-10-10,1
947,7323,Москва,Товар 35,64292,2024-10-11,3
948,3104,Екатеринбург,Товар 7,36564,2024-11-01,1
949,7021,Москва,Товар 9,63798,2024-09-15,5
950,7603,Казань,Товар 30,74892,2024-11-05,2
951,5053,Казань,Товар 24,40499,2024-10-01,3
952,7822,Москва,Товар 30,55135,2024-08-31,3
953,2469,Новосибирск,Товар 20,71426,2024-10-12,3
954,2617,Новосибирск,Товар 5,8523,2024-09-13,4
955,2696,Москва,Товар 14,30810,2024-11-07,4
956,5857,Санкт-Петербург,Товар 33,61211,2024-11-14,2
957,1391,Санкт-Петербург,Товар 22,25298,2024-10-17,4
958,6970,Новосибирск,Товар 14,53282,2024-09-16,5
959,8041,Москва,Товар 25,93347,2024-11-17,5
960,1963,Москва,Товар 9,27303,2024-09-11,5
961,5333,Санкт-Петербург,Товар 3,13228,2024-10-12,4
962,2942,Санкт-Петербург,Товар 48,68638,2024-09-23,4
963,9067,Москва,Товар 17,25585,2024-10-28,2
964,8639,Москва,Товар 6,56461,2024-11-08,3
965,8145,Казань,Товар 37,96861,2024-09-06,4
966,9618,Казань,Товар 38,17186,2024-09-26,4
967,6093,Казань,Товар 43,97780,2024-11-09,4
968,3114,Казань,Товар 22,82781,2024-10-03,1
969,4831,Казань,Товар 16,32609,2024-09-30,5
970,8966,Казань,Товар 30,82877,2024-10-30,5
971,2998,Екатеринбург,Товар 45,55000,2024-08-28,2
972,1333,Новосибирск,Товар 28,59407,2024-09-10,4
973,5950,Екатеринбург,Товар 34,63192,2024-10-13,2
974,5184,Новосибирск,Товар 36,52377,2024-10-20,4
975,3768,Екатеринбург,Товар 32,42478,2024-09-16,1
976,7521,Екатеринбург,Товар 42,98465,2024-10-24,5
977,8229,Новосибирск,Товар 49,75452,2024-09-23,2
978,8034,Екатеринбург,Товар 35,12168,2024-11-05,1
979,7949,Санкт-Петербург,Товар 11,50944,2024-09-23,3
980,8422,Москва,Товар 9,76160,2024-11-12,3
981,6370,Казань,Товар 43,55353,2024-08-28,5
982,4266,Москва,Товар 42,39293,2024-10-02,3
983,7877,Казань,Товар 18,37389,2024-11-09,4
984,4498,Санкт-Петербург,Товар 12,69811,2024-10-20,4
985,5911,Екатеринбург,Товар 22,89050,2024-09-08,5
986,7336,Казань,Товар 6,19782,2024-10-02,2
987,3395,Казань,Товар 5,94450,2024-09-10,4
988,5123,Москва,Товар 46,89759,2024-08-26,4
989,4750,Казань,Товар 28,57133,2024-09-01,2
990,1119,Казань,Товар 29,32328,2024-09-23,5
991,7657,Казань,Товар 7,35788,2024-09-18,3
992,2581,Казань,Товар 19,92023,2024-09-09,3
993,6627,Казань,Товар 26,70866,2024-11-08,5
994,6358,Новосибирск,Товар 35,23217,2024-09-10,4
995,1699,Казань,Товар 38,98504,2024-08-29,3
996,7136,Екатеринбург,Товар 38,7784,2024-09-12,5
997,1896,Екатеринбург,Товар 44,15893,2024-10-15,2
998,2210,Санкт-Петербург,Товар 31,43092,2024-10-07,2
999,6730,Екатеринбург,Товар 27,28761,2024-11-13,2
1000,2267,Санкт-Петербург,Товар 1,73909,2024-10-01,4
