{
  "visits_count": {
    "(Timestamp('2023-05-01 00:00:00'), 'ios')": 2,
    "(Timestamp('2023-05-01 00:00:00'), 'web')": 14,
    "(Timestamp('2023-05-03 00:00:00'), 'web')": 17,
    "(Timestamp('2023-05-04 00:00:00'), 'ios')": 2,
    "(Timestamp('2023-05-05 00:00:00'), 'web')": 17,
    "(Timestamp('2023-05-08 00:00:00'), 'android')": 2,
    "(Timestamp('2023-05-08 00:00:00'), 'ios')": 4,
    "(Timestamp('2023-05-08 00:00:00'), 'web')": 16,
    "(Timestamp('2023-05-09 00:00:00'), 'ios')": 6,
    "(Timestamp('2023-05-10 00:00:00'), 'android')": 3
  },
  "regs_count": {
    "(Timestamp('2023-05-01 00:00:00'), 'ios')": 1,
    "(Timestamp('2023-05-01 00:00:00'), 'web')": 1,
    "(Timestamp('2023-05-03 00:00:00'), 'web')": 1,
    "(Timestamp('2023-05-04 00:00:00'), 'ios')": 1,
    "(Timestamp('2023-05-05 00:00:00'), 'web')": 3,
    "(Timestamp('2023-05-08 00:00:00'), 'android')": 2,
    "(Timestamp('2023-05-08 00:00:00'), 'ios')": 2,
    "(Timestamp('2023-05-08 00:00:00'), 'web')": 1,
    "(Timestamp('2023-05-09 00:00:00'), 'ios')": 1,
    "(Timestamp('2023-05-10 00:00:00'), 'android')": 1
  }
}
